{"count":1,"self":76.517510399999992,"total":77.599887,"children":{"InitializeActuators":{"count":1,"self":0.000905,"total":0.000905,"children":null},"InitializeSensors":{"count":1,"self":0.00094299999999999994,"total":0.00094299999999999994,"children":null},"AgentSendState":{"count":3829,"self":0.025259999999999998,"total":0.076961,"children":{"CollectObservations":{"count":3829,"self":0.036806,"total":0.036806,"children":null},"WriteActionMask":{"count":3829,"self":0.0040079999999999994,"total":0.0040079999999999994,"children":null},"RequestDecision":{"count":3829,"self":0.010886999999999999,"total":0.010886999999999999,"children":null}}},"DecideAction":{"count":3829,"self":0.864186,"total":0.864186,"children":null},"AgentAct":{"count":3829,"self":0.13886099999999998,"total":0.13886099999999998,"children":null}},"gauges":{"Policy.CumulativeReward":{"count":7,"max":-25.7864742,"min":-48.7599258,"runningAverage":-31.3746758,"value":-48.7599258,"weightedAverage":-33.3458824}},"metadata":{"timer_format_version":"0.1.0","start_time_seconds":"1701768511","unity_version":"2022.3.12f1","command_line_arguments":"\/Applications\/Unity\/Hub\/Editor\/2022.3.12f1\/Unity.app\/Contents\/MacOS\/Unity -projectpath \/Users\/maxzorn\/Projekte\/siemens\/unity -useHub -hubIPC -cloudEnvironment production -licensingIpc LicenseClient-maxzorn -hubSessionId 02f53e24-8d18-425a-848e-8a7756300ad8 -accessToken VdFXPGNHDAAfY-Y4iHhSkfllwR2ti9nZ3o5KnhEDgBk008f","communication_protocol_version":"1.5.0","com.unity.ml-agents_version":"2.0.1","scene_name":"Reach","end_time_seconds":"1701768589"}}